{
  "throughput_mbps": [
    3706.476997730023,
    6434.655575319247,
    9859.273307356269,
    12672.53902862276,
    15116.885324307517,
    16485.36678695713,
    17892.356726552283,
    18699.807228683097,
    19111.480603829867,
    20041.171196466235,
    19863.969746221075,
    19345.82517046707,
    20280.174586925856,
    19851.921698297097,
    19011.48782558229,
    19995.023417282493,
    19906.97168865131,
    18644.903252945787,
    18816.573007404244,
    19770.89160392342,
    19738.98884653531,
    18622.720047867537,
    19039.823313275916,
    19270.595438235374,
    19055.956838882124,
    18997.586629848127,
    18469.24451223774,
    18856.991983781496,
    18719.99067464805,
    19066.713618764108
  ],
  "p99_latencies": [
    1459.0,
    1753.0,
    1636.0,
    1693.0,
    1802.0,
    2114.0,
    2474.0,
    2979.0,
    3399.0,
    3824.0,
    3896.0,
    4016.0,
    3641.0,
    3677.0,
    4063.0,
    3649.0,
    3619.0,
    4133.0,
    4078.0,
    3632.0,
    3672.0,
    4082.0,
    3834.0,
    3680.0,
    3805.0,
    3811.0,
    4127.0,
    3852.0,
    4045.0,
    3849.0
  ],
  "median_latencies": [
    979.0,
    1104.0,
    1098.0,
    1140.0,
    1209.0,
    1321.0,
    1410.0,
    1533.0,
    1679.0,
    1772.0,
    1752.0,
    1772.0,
    1651.0,
    1667.0,
    1721.0,
    1629.0,
    1618.0,
    1703.0,
    1692.0,
    1591.0,
    1594.0,
    1656.0,
    1608.0,
    1581.0,
    1590.0,
    1581.0,
    1622.0,
    1589.0,
    1595.0,
    1569.0
  ]
}