{
  "throughput_mbps": {
    "8": 2.4110218754965884,
    "6": 2.1430550659706875,
    "3": 1.376966462847038,
    "2": 0.9770559793618899,
    "10": 2.5986921100679305,
    "7": 2.2348680410282107,
    "11": 2.6349072252705548,
    "15": 2.5835376887074983,
    "20": 2.6475020551072173,
    "19": 2.6275540497986434,
    "1": 0.5286296796776832,
    "13": 2.6466702396252817,
    "16": 2.5960084099308505,
    "4": 1.5816957827289426,
    "18": 2.6052126016408357,
    "17": 2.5628635480664217,
    "5": 1.9142001292866404,
    "12": 2.564362764265988,
    "14": 2.3831710902697294,
    "9": 2.461786104591338
  },
  "latencies": {
    "8": 24142172.0,
    "6": 21602808.0,
    "3": 18715340.0,
    "2": 17823720.0,
    "10": 24310070.0,
    "7": 23166698.0,
    "11": 27379464.0,
    "15": 43408336.0,
    "20": 50118236.0,
    "19": 50138050.0,
    "1": 13319356.0,
    "13": 35664980.0,
    "16": 45134592.0,
    "4": 22273604.0,
    "18": 48075130.0,
    "17": 47692148.0,
    "5": 21415384.0,
    "12": 33424772.0,
    "14": 41184352.0,
    "9": 25249386.0
  }
}