{
  "throughput_mbps": [
    2469.6807719422804,
    4830.075986461423,
    7130.68598494744,
    9409.701042563345,
    11696.180368839541,
    13654.32802876207,
    16010.02330572773,
    18029.80589925943,
    19967.937638596028,
    21851.271830602393,
    21900.136701725558,
    21746.66608139256,
    21882.600683977576,
    21588.6950409603,
    22203.90966746442,
    22014.271776201116,
    21796.604324153417,
    21921.127520459628,
    21751.164114503732,
    22103.397831931303,
    21575.063279682086,
    21902.12037424339,
    21788.548952505957,
    21535.612158356264,
    21908.742504548783,
    21609.17271069691,
    21897.33318338273,
    21640.871851805372,
    21789.590836591873,
    21572.844744822836
  ],
  "p99_latencies": [
    1963.0,
    2775.0,
    3368.0,
    3562.0,
    3524.0,
    3763.0,
    3782.0,
    3832.0,
    3924.0,
    4012.0,
    3996.0,
    4014.0,
    4009.0,
    4042.0,
    3800.0,
    3942.0,
    3980.0,
    4032.0,
    4081.0,
    3941.0,
    4023.0,
    4022.0,
    3992.0,
    4089.0,
    3959.0,
    4064.0,
    3979.0,
    4100.0,
    4022.0,
    4020.0
  ],
  "median_latencies": [
    1490.0,
    1508.0,
    1528.0,
    1533.0,
    1547.0,
    1573.0,
    1565.0,
    1590.0,
    1612.0,
    1638.0,
    1628.0,
    1647.0,
    1627.0,
    1637.0,
    1615.0,
    1618.0,
    1638.0,
    1621.0,
    1636.0,
    1613.0,
    1663.0,
    1619.0,
    1634.0,
    1658.0,
    1626.0,
    1643.0,
    1627.0,
    1641.0,
    1632.0,
    1655.0
  ]
}