{
  "throughput_mbps": [
    3787.353142093579,
    6788.871253824924,
    9702.533683701326,
    12530.883439131274,
    14887.570513912175,
    16782.86946053036,
    17946.918774519258,
    18543.834677368577,
    20000.509224570076,
    19045.521086575438,
    20059.118346934934,
    20144.91629164442,
    19349.937583921626,
    19904.213591586282,
    19966.731483876745,
    18731.329149973277,
    19685.970406482727,
    19242.760034356113,
    18480.830859534308,
    19630.073491796982,
    19366.268756271496,
    19346.871486615917,
    18479.86911076114,
    18524.44994490468,
    19151.293186427385,
    19241.32003175913,
    19270.79292330065,
    17074.052202444254,
    18804.307073052216,
    18660.06426277641
  ],
  "p99_latencies": [
    1355.0,
    1530.0,
    1560.0,
    1666.0,
    1819.0,
    2048.0,
    2503.0,
    2996.0,
    3242.0,
    4009.0,
    3779.0,
    3692.0,
    3991.0,
    3712.0,
    3620.0,
    4114.0,
    3601.0,
    3780.0,
    3919.0,
    3677.0,
    3709.0,
    3688.0,
    4059.0,
    4101.0,
    3694.0,
    3717.0,
    3690.0,
    4641.0,
    3896.0,
    4087.0
  ],
  "median_latencies": [
    968.0,
    1076.0,
    1132.0,
    1165.0,
    1230.0,
    1296.0,
    1401.0,
    1536.0,
    1592.0,
    1871.0,
    1734.0,
    1703.0,
    1734.0,
    1676.0,
    1631.0,
    1728.0,
    1622.0,
    1655.0,
    1736.0,
    1614.0,
    1626.0,
    1601.0,
    1667.0,
    1648.0,
    1575.0,
    1574.0,
    1546.0,
    1800.0,
    1584.0,
    1593.0
  ]
}