{
  "throughput_mbps": {
    "51": 439.68283744185106,
    "81": 784.8328054620348,
    "33": 287.57202693687645,
    "77": 734.3128685531643,
    "99": 1042.6220946760964,
    "38": 328.2012038816009,
    "39": 331.7221458383798,
    "8": 108.27280993751339,
    "46": 393.1234810782253,
    "42": 364.12697401435815,
    "98": 996.6352014396084,
    "21": 192.79072508654886,
    "55": 424.44554336088305,
    "90": 907.0838148677512,
    "44": 378.27811167068137,
    "91": 910.2051284585385,
    "6": 90.02150304430312,
    "76": 740.0837888411511,
    "79": 768.3887137769042,
    "95": 897.3090728055479,
    "3": 49.31989992680313,
    "78": 764.5597716087697,
    "24": 216.74090378420146,
    "56": 469.0637799504356,
    "62": 531.2455053874879,
    "2": 37.3958114141914,
    "59": 499.5944121628354,
    "32": 275.7847566102907,
    "82": 822.3080941171211,
    "10": 102.33900222575555,
    "43": 370.3154309007202,
    "7": 97.41621143659201,
    "11": 115.33867887184502,
    "87": 855.7647537659757,
    "48": 413.86560916628423,
    "89": 919.6271630569169,
    "66": 574.7702329660428,
    "26": 236.60378226623865,
    "35": 315.1799097715226,
    "15": 149.9380868259674,
    "20": 181.1620726799527,
    "30": 267.52752265557393,
    "52": 447.3796411559652,
    "53": 457.5607417491913,
    "57": 469.71994194940197,
    "60": 502.8032475902085,
    "100": 1023.2887152371477,
    "19": 173.8952529470249,
    "40": 349.2875548456202,
    "1": 45.06062030544568,
    "34": 300.35351346097013,
    "13": 131.87990785936293,
    "27": 242.6090146535506,
    "61": 527.232867459529,
    "94": 940.3557136367627,
    "28": 253.59184805322622,
    "16": 157.10172366480114,
    "45": 395.1117662359865,
    "75": 745.6090959933457,
    "4": 63.20168472775281,
    "18": 171.05699583232465,
    "65": 557.9828988536678,
    "84": 852.8127317869869,
    "47": 405.94016166031395,
    "36": 315.8712109989271,
    "80": 803.4636576424475,
    "58": 484.72400817219506,
    "74": 700.8511504615358,
    "70": 643.3461673558822,
    "63": 540.4521788810455,
    "49": 432.98773345280745,
    "97": 994.3822631588197,
    "50": 422.5406847122956,
    "22": 199.441740349091,
    "17": 158.78955620087586,
    "5": 78.94264151472049,
    "71": 680.7521406864795,
    "88": 902.0121549933881,
    "96": 988.8625124176797,
    "83": 805.8844916456485,
    "23": 208.6470576183636,
    "12": 121.55785026335852,
    "86": 879.9375151072106,
    "14": 140.4666335762549,
    "31": 270.21464348140546,
    "67": 580.5732730121806,
    "54": 443.67508702306185,
    "73": 700.3637122053532,
    "37": 314.16093894092387,
    "9": 117.64029107586784,
    "92": 927.960432574036,
    "29": 259.8004743154276,
    "25": 222.96295297777823,
    "68": 617.0458865819353,
    "64": 543.8404106879236,
    "93": 963.2712491531134,
    "72": 694.2425625056145,
    "85": 883.7125257497883,
    "41": 352.8027380272332,
    "69": 632.4961978504961
  },
  "latencies": {
    "51": 7132.0,
    "81": 4756.0,
    "33": 7440.0,
    "77": 5664.0,
    "99": 3852.0,
    "38": 7308.0,
    "39": 7432.0,
    "8": 6316.0,
    "46": 7260.0,
    "42": 7288.0,
    "98": 4444.0,
    "21": 7552.0,
    "55": 7592.0,
    "90": 4248.0,
    "44": 7204.0,
    "91": 4616.0,
    "6": 6664.0,
    "76": 5088.0,
    "79": 4860.0,
    "95": 4232.0,
    "3": 281430.0,
    "78": 5620.0,
    "24": 7492.0,
    "56": 7636.0,
    "62": 7336.0,
    "2": 242408.0,
    "59": 6676.0,
    "32": 7480.0,
    "82": 4600.0,
    "10": 8724.0,
    "43": 7484.0,
    "7": 6552.0,
    "11": 7760.0,
    "87": 4480.0,
    "48": 7092.0,
    "89": 4080.0,
    "66": 7276.0,
    "26": 5112.0,
    "35": 7232.0,
    "15": 7428.0,
    "20": 7780.0,
    "30": 7268.0,
    "52": 7224.0,
    "53": 7412.0,
    "57": 7240.0,
    "60": 7444.0,
    "100": 4380.0,
    "19": 8008.0,
    "40": 6556.0,
    "1": 95072.0,
    "34": 7316.0,
    "13": 7588.0,
    "27": 4292.0,
    "61": 7264.0,
    "94": 4600.0,
    "28": 7132.0,
    "16": 7368.0,
    "45": 7308.0,
    "75": 4732.0,
    "4": 11680.0,
    "18": 7588.0,
    "65": 7396.0,
    "84": 4416.0,
    "47": 7256.0,
    "36": 6696.0,
    "80": 5072.0,
    "58": 7416.0,
    "74": 5740.0,
    "70": 6260.0,
    "63": 7520.0,
    "49": 7396.0,
    "97": 3960.0,
    "50": 7484.0,
    "22": 7632.0,
    "17": 8024.0,
    "5": 7900.0,
    "71": 4916.0,
    "88": 3688.0,
    "96": 4360.0,
    "83": 5176.0,
    "23": 7416.0,
    "12": 8104.0,
    "86": 4516.0,
    "14": 7728.0,
    "31": 7240.0,
    "67": 7380.0,
    "54": 7364.0,
    "73": 6364.0,
    "37": 7684.0,
    "9": 7128.0,
    "92": 4536.0,
    "29": 4412.0,
    "25": 7124.0,
    "68": 7208.0,
    "64": 7596.0,
    "93": 4504.0,
    "72": 5440.0,
    "85": 4188.0,
    "41": 6668.0,
    "69": 6548.0
  }
}