{
  "throughput_mbps": [
    2988.5251928730713,
    5083.447603023969,
    6179.353440840592,
    7099.658839084427,
    7560.064455637654,
    7783.251109050705,
    7882.811028326308,
    7684.917849225132,
    7911.281388899,
    7891.189042098337,
    7757.826717518039,
    7777.065613175697,
    7648.309261147111,
    7634.673398828673,
    7816.2057384238215,
    7730.183770709211,
    7583.877415198524,
    7644.00693519077,
    7606.663180321644,
    7659.218574383101,
    7573.048511459605,
    7554.0804092728085,
    7737.548003109005,
    7623.12672200788,
    7471.490959242006,
    7472.733040418645,
    7391.764815497684,
    7443.9104080600955,
    7291.505824182217,
    7372.784591778725
  ],
  "p99_latencies": [
    1720.0,
    3299.0,
    4375.0,
    6402.0,
    8771.0,
    10397.0,
    12630.0,
    14797.0,
    16540.0,
    19361.0,
    30147.0,
    44981.0,
    55938.0,
    64106.0,
    71174.0,
    75143.0,
    80614.08999999985,
    85862.5399999991,
    89540.0,
    93780.0,
    105320.0,
    116228.0,
    126187.87000000104,
    137151.0,
    145727.0,
    153637.0,
    159191.0,
    165808.0,
    169417.0,
    171542.0
  ],
  "median_latencies": [
    1238.0,
    1340.0,
    1490.0,
    1611.0,
    2205.0,
    2503.0,
    2753.0,
    3294.0,
    3536.0,
    3812.0,
    3874.0,
    3877.0,
    3962.0,
    3976.0,
    3868.0,
    3972.0,
    4078.0,
    4025.0,
    4040.0,
    3954.0,
    4035.0,
    4008.0,
    3858.0,
    3925.0,
    4000.0,
    3985.0,
    4021.0,
    3991.0,
    4052.0,
    3987.0
  ]
}