{
  "throughput_mbps": {
    "8": 11.142689713514198,
    "6": 9.444607836127538,
    "3": 6.623625097118717,
    "2": 4.650737060052162,
    "10": 11.931129066813497,
    "7": 10.787990862774578,
    "11": 12.967330999139726,
    "15": 12.956600232628276,
    "20": 12.446132724131317,
    "19": 12.36735731346979,
    "1": 2.374695839483027,
    "13": 12.572858700910274,
    "16": 12.543448072680675,
    "4": 8.31048526859371,
    "18": 12.439637944907947,
    "17": 12.338347188838513,
    "5": 8.833112068324578,
    "12": 12.464676583742747,
    "14": 12.684468648488803,
    "9": 8.766467377390407
  },
  "latencies": {
    "8": 3448.0,
    "6": 3132.0,
    "3": 3248.0,
    "2": 2880.0,
    "10": 3964.0,
    "7": 3084.0,
    "11": 3396.0,
    "15": 3936.0,
    "20": 8234.0,
    "19": 8404.0,
    "1": 2900.0,
    "13": 3596.0,
    "16": 4460.0,
    "4": 2864.0,
    "18": 7000.0,
    "17": 5548.0,
    "5": 3048.0,
    "12": 3516.0,
    "14": 3832.0,
    "9": 4100.0
  }
}