{
  "throughput_mbps": [
    3078.5996827531726,
    5132.20375608744,
    6117.532456775447,
    6721.790631807782,
    7387.505790637842,
    7480.299934911968,
    7670.444927250986,
    7619.108921851729,
    7575.61328658628,
    7674.405183525732,
    7731.099970305521,
    7648.5893913110685,
    7640.039699902146,
    7524.277300334748,
    7417.091917495507,
    7688.54164515025,
    7609.140798959912,
    7790.930169555034,
    7704.458104479259,
    7504.068641487209,
    7584.034393707836,
    7573.509661637902,
    7413.962243790756,
    7465.657963184767,
    7599.788656197763,
    7504.5602543768455,
    7279.686433681477,
    7232.891451256902,
    7236.388728630388,
    7332.750009878448
  ],
  "p99_latencies": [
    1619.0,
    3347.0,
    4475.0,
    6951.0,
    8822.0,
    10811.0,
    12574.0,
    14993.0,
    17145.0,
    19758.0,
    30145.0,
    46041.0,
    56486.03000000119,
    65120.0,
    73220.80999999866,
    76705.0,
    85420.0,
    85823.4299999997,
    91045.0,
    95954.0,
    110037.12999999896,
    127480.0,
    129785.0,
    140786.0,
    148040.0,
    154003.0,
    162619.0,
    172033.80000000075,
    171973.62999999896,
    176150.0
  ],
  "median_latencies": [
    1206.0,
    1323.0,
    1489.0,
    1690.0,
    2242.0,
    2568.0,
    2921.0,
    3311.0,
    3683.0,
    3933.0,
    3902.0,
    3951.0,
    3959.0,
    4036.0,
    4125.0,
    3971.0,
    4033.0,
    3894.0,
    3941.0,
    4068.0,
    3985.0,
    3963.0,
    4075.0,
    3997.0,
    3885.0,
    3919.0,
    4076.0,
    4116.0,
    4062.0,
    3984.0
  ]
}